<?xml version="1.0" encoding="UTF-8"?>
<beans xmlns="http://www.springframework.org/schema/beans"
	xmlns:xsi="http://www.w3.org/2001/XMLSchema-instance" 
	xmlns:p="http://www.springframework.org/schema/p"
	 xmlns:mvc="http://www.springframework.org/schema/mvc"
	xmlns:context="http://www.springframework.org/schema/context"
	xsi:schemaLocation="
   http://www.springframework.org/schema/beans     
   http://www.springframework.org/schema/beans/spring-beans-4.1.xsd
   http://www.springframework.org/schema/context 
   http://www.springframework.org/schema/context/spring-context-4.1.xsd 
   http://www.springframework.org/schema/mvc 
   http://www.springframework.org/schema/mvc/spring-mvc-4.1.xsd">
    <!-- 配置下面代码返回json不会出错 -->
	<mvc:annotation-driven>
		 <mvc:message-converters register-defaults="true">   
	        <bean id="fastJsonHttpMessageConverter" class="com.alibaba.fastjson.support.spring.FastJsonHttpMessageConverter">  
	            <property name="supportedMediaTypes">  
	                <list>  
	                    <value>application/json;charset=UTF-8</value>  
	                </list>  
	            </property>  
	        </bean>  
	    </mvc:message-converters>  
	 </mvc:annotation-driven>
	<context:component-scan base-package="com.zml.shsite.controllers" />
	
	<!-- 在Spring配置文件中配置ViewResolver -->
	<!-- InternalResourceViewResolver：用于支持Servlet、JSP视图解析； viewClass：JstlView表示JSP模板页面需要使用JSTL标签库，classpath中必须包含jstl的相关jar包； 
		prefix和suffix：查找视图页面的前缀和后缀（前缀[逻辑视图名]后缀）， 比如传进来的逻辑视图名为hello，则该该jsp视图页面应该存放在“WEB-INF/jsp/hello.jsp”； -->
	<bean id="viewResolver"
		class="org.springframework.web.servlet.view.UrlBasedViewResolver">
		<property name="viewClass"
			value="org.springframework.web.servlet.view.JstlView" />
		<property name="prefix" value="/View/" />
		<property name="suffix" value=".jsp" />
	</bean>
</beans>