<beans xmlns="http://www.springframework.org/schema/beans"
  xmlns:security="http://www.springframework.org/schema/security"
  xmlns:xsi="http://www.w3.org/2001/XMLSchema-instance"
  xsi:schemaLocation="http://www.springframework.org/schema/beans
          http://www.springframework.org/schema/beans/spring-beans-4.1.xsd
          http://www.springframework.org/schema/security
          http://www.springframework.org/schema/security/spring-security-3.2.xsd">
  <!-- 注册用户服务bean 该bean必须实现UserDetailsService -->
  <bean id="customUserDetailsService" 
  class="com.zml.shsite.services.impl.CustomUserDetailsServiceImpl" />  
  
   <!--  配置登录成功后的处理器 暂时不需要
   <bean id="authenticationSuccessHandler" class="pers.fhr.musicstore.component.SimpleLoginSuccessHandler">  
    <property name="defaultTargetUrl" value="/index"></property>  
    <property name="forwardToDestination" value="true"></property>  
	</bean>
	-->
  <!-- 配置相关资源的访问权限 -->
  <security:http auto-config="true" use-expressions="true">
  	  <!-- 配置相关地址的访问权限 -->
  	  <!--  
  	  <security:intercept-url pattern="/Checkout" access="hasRole('Admin') or hasRole('User')"/>
      <security:intercept-url pattern="/Checkout/*" access="hasRole('Admin') or hasRole('User')"/>
      <security:intercept-url pattern="/StoreManager/*" access="hasRole('Admin')"/>
            <security:intercept-url pattern="/StoreManager" access="hasRole('Admin')"/>
       -->
      <!-- 配置登录页面和登录成功页面 如果不配置将会使用Spring Security自带的页面-->
  	   <security:form-login login-page="/Account/LogOn"   
        					authentication-failure-url="/Account/LogOn" 
        					always-use-default-target="true"
        					default-target-url="/index"/> 
        					<!--可以我们自己配置登录成功的代理-->
        					<!-- authentication-success-handler-ref="authenticationSuccessHandler"/> -->
        				
   	   <security:logout invalidate-session="true" 
   	  				    logout-success-url="/Account/LogOn"
						logout-url="/Account/LogOut"/>
       <!-- 同一时间内允许同一账号保持4个在线,error-if-maximum-exceeded="true"表示第第四个以后的登不进去 -->
	  <security:session-management>
			<security:concurrency-control max-sessions="4" error-if-maximum-exceeded="true"/>
	  </security:session-management>
   </security:http>    
   <!-- 配置权限管理器 -->
   <security:authentication-manager>
        <!-- 配置用于服务bean -->
        <security:authentication-provider user-service-ref="customUserDetailsService">
        </security:authentication-provider>
   </security:authentication-manager>
</beans>