<?xml version="1.0" encoding="utf-8"?>
<!DOCTYPE hibernate-mapping PUBLIC "-//Hibernate/Hibernate Mapping DTD 3.0//EN"
"http://hibernate.sourceforge.net/hibernate-mapping-3.0.dtd">
<!-- 
    Mapping file autogenerated by MyEclipse Persistence Tools
-->
<hibernate-mapping>
    <class name="com.zml.shsite.models.Announcement" table="announcement" catalog="shdb">
        <id name="announcementId" type="java.lang.Integer">
            <column name="AnnouncementId" />
            <generator class="identity" />
        </id>
        <property name="annoContent" type="java.lang.String">
            <column name="AnnoContent" length="200" not-null="true" />
        </property>
        <property name="annoTime" type="java.sql.Timestamp">
            <column name="AnnoTime" length="19" not-null="true" />
        </property>
        <property name="announceTitle" type="java.lang.String">
            <column name="AnnounceTitle" length="25" not-null="true" />
        </property>
    </class>
</hibernate-mapping>
