<?xml version="1.0" encoding="utf-8"?>
<!DOCTYPE hibernate-mapping PUBLIC "-//Hibernate/Hibernate Mapping DTD 3.0//EN"
"http://hibernate.sourceforge.net/hibernate-mapping-3.0.dtd">
<!-- 
    Mapping file autogenerated by MyEclipse Persistence Tools
-->
<hibernate-mapping>
    <class name="com.zml.shsite.models.Authority" table="authority" catalog="shdb">
        <id name="authorityId" type="java.lang.Integer">
            <column name="AuthorityId" />
            <generator class="identity" />
        </id>
        <property name="shRoleId" type="java.lang.Short">
        	<column name="ShRoleId" not-null="true"></column>
        </property>
        <property name="shUserId" type="java.lang.Integer">
        	<column name="ShUserId" not-null="true"></column>
        </property>
         <many-to-one name="shuser" class="com.zml.shsite.models.Shuser" 
         	insert="false" update="false" fetch="select" lazy="false">
            <column name="ShUserId" not-null="true"/>
        </many-to-one>
        <many-to-one name="shrole" class="com.zml.shsite.models.Shrole" 
       		insert="false" update="false" fetch="select" lazy="false">
            <column name="ShRoleId" not-null="true"/>
        </many-to-one>
    </class>
</hibernate-mapping>
