<?xml version="1.0" encoding="utf-8"?>
<!DOCTYPE hibernate-mapping PUBLIC "-//Hibernate/Hibernate Mapping DTD 3.0//EN"
"http://hibernate.sourceforge.net/hibernate-mapping-3.0.dtd">
<!-- 
    Mapping file autogenerated by MyEclipse Persistence Tools
-->
<hibernate-mapping>
    <class name="com.zml.shsite.models.Good" table="good" catalog="shdb">
        <id name="goodId" type="java.lang.Integer">
            <column name="GoodId" />
            <generator class="identity" />
        </id>
        <property name="shUserId" type="java.lang.Integer">
        	<column name="ShUserId" not-null="true"></column>
        </property>
        <property name="goodTypeId" type="java.lang.Integer">
        	<column name="GoodTypeId" not-null="true"></column>
        </property>
        <property name="desTime" type="java.sql.Timestamp">
            <column name="DesTime" length="19" not-null="true" />
        </property>
        <property name="description" type="java.lang.String">
            <column name="Description" length="50" not-null="true" />
        </property>
         <property name="goodName" type="java.lang.String">
            <column name="GoodName" length="10" not-null="true" />
        </property>
        <property name="isSell" type="java.lang.Short">
            <column name="IsSell" not-null="true" />
        </property>
        <property name="goodPrice" type="java.lang.Float">
            <column name="GoodPrice" precision="12" scale="0" not-null="true" />
        </property>
          <many-to-one name="shuser" class="com.zml.shsite.models.Shuser" 
          	insert="false" update="false" fetch="select" lazy="false">
            <column name="ShUserId" not-null="true" />
        </many-to-one>
        <many-to-one name="goodtype" class="com.zml.shsite.models.Goodtype" 
        	insert="false" update="false" fetch="select" lazy="false">
            <column name="GoodTypeId" not-null="true" />
        </many-to-one>
    </class>
</hibernate-mapping>
