<?xml version="1.0" encoding="utf-8"?>
<!DOCTYPE hibernate-mapping PUBLIC "-//Hibernate/Hibernate Mapping DTD 3.0//EN"
"http://hibernate.sourceforge.net/hibernate-mapping-3.0.dtd">
<!-- 
    Mapping file autogenerated by MyEclipse Persistence Tools
-->
<hibernate-mapping>
    <class name="com.zml.shsite.models.Goodtype" table="goodtype" catalog="shdb">
        <id name="goodTypeId" type="java.lang.Integer">
            <column name="GoodTypeId" />
            <generator class="identity" />
        </id>
        <property name="goodTypeName" type="java.lang.String">
            <column name="GoodTypeName" length="20" not-null="true" />
        </property>
    </class>
</hibernate-mapping>
