<?xml version="1.0" encoding="utf-8"?>
<!DOCTYPE hibernate-mapping PUBLIC "-//Hibernate/Hibernate Mapping DTD 3.0//EN"
"http://hibernate.sourceforge.net/hibernate-mapping-3.0.dtd">
<!-- 
    Mapping file autogenerated by MyEclipse Persistence Tools
-->
<hibernate-mapping>
    <class name="com.zml.shsite.models.Goodcomment" table="goodcomment" catalog="shdb">
        <id name="goodCommentId" type="java.lang.Integer">
            <column name="GoodCommentId" />
            <generator class="identity" />
        </id>
        <many-to-one name="shuser" class="com.zml.shsite.models.Shuser" fetch="select">
            <column name="ShUserId" not-null="true" />
        </many-to-one>
        <many-to-one name="good" class="com.zml.shsite.models.Good" fetch="select">
            <column name="GoodId" not-null="true" />
        </many-to-one>
        <property name="comTime" type="java.sql.Timestamp">
            <column name="ComTime" length="19" not-null="true" />
        </property>
        <property name="comContent" type="java.lang.String">
            <column name="ComContent" length="50" not-null="true" />
        </property>
    </class>
</hibernate-mapping>
