<?xml version="1.0" encoding="utf-8"?>
<!DOCTYPE hibernate-mapping PUBLIC "-//Hibernate/Hibernate Mapping DTD 3.0//EN"
"http://hibernate.sourceforge.net/hibernate-mapping-3.0.dtd">
<!-- 
    Mapping file autogenerated by MyEclipse Persistence Tools
-->
<hibernate-mapping>
    <class name="com.zml.shsite.models.Shrole" table="shrole" catalog="shdb">
        <id name="shRoleId" type="java.lang.Short">
            <column name="ShRoleId" />
            <generator class="identity" />
        </id>
        <property name="shRoleName" type="java.lang.String">
            <column name="ShRoleName" length="10" not-null="true" />
        </property>
    </class>
</hibernate-mapping>
