<?xml version="1.0" encoding="utf-8"?>
<!DOCTYPE hibernate-mapping PUBLIC "-//Hibernate/Hibernate Mapping DTD 3.0//EN"
"http://hibernate.sourceforge.net/hibernate-mapping-3.0.dtd">
<!-- 
    Mapping file autogenerated by MyEclipse Persistence Tools
-->
<hibernate-mapping>
    <class name="com.zml.shsite.models.Shuser" table="shuser" catalog="shdb">
        <id name="shUserId" type="java.lang.Integer">
            <column name="ShUserId" />
            <generator class="identity" />
        </id>
        <property name="shUserName" type="java.lang.String">
            <column name="ShUserName" length="20" not-null="true" />
        </property>
        <property name="password" type="java.lang.String">
            <column name="Password" length="20" not-null="true" />
        </property>
        <property name="gender" type="java.lang.Short">
            <column name="Gender" not-null="true" />
        </property>
        <property name="introduce" type="java.lang.String">
            <column name="Introduce" length="50" not-null="true" />
        </property>
        <property name="phone" type="java.lang.String">
            <column name="Phone" length="15" not-null="true" />
        </property>
        <property name="address" type="java.lang.String">
            <column name="Address" length="30" not-null="true" />
        </property>
        <set name="goods" inverse="true">
            <key>
                <column name="ShUserId" not-null="true" />
            </key>
            <one-to-many class="com.zml.shsite.models.Good" />
        </set>
        <set name="goodcollects" inverse="true">
            <key>
                <column name="ShUserId" not-null="true" />
            </key>
            <one-to-many class="com.zml.shsite.models.Goodcollect" />
        </set>
        <set name="authorities" inverse="true" lazy="false">
            <key>
                <column name="ShUserId" not-null="true" />
            </key>
            <one-to-many class="com.zml.shsite.models.Authority" />
        </set>
        <set name="goodcomments" inverse="true" lazy="false">
            <key>
                <column name="ShUserId" not-null="true" />
            </key>
            <one-to-many class="com.zml.shsite.models.Goodcomment" />
        </set>
    </class>
</hibernate-mapping>
